world_rank,university_name,country,teaching,international,research,citations,income,total_score,num_students,student_staff_ratio,international_students,year
2,California Institute of Technology,United States of America,97.7,54.6,98,99.9,83.7,96,"2,243",6.9,27%,2011
3,Massachusetts Institute of Technology,United States of America,97.8,82.3,91.4,99.9,87.5,95.6,"11,074",9,33%,2011
4,Stanford University,United States of America,98.3,29.5,98.1,99.2,64.3,94.3,"15,596",7.8,22%,2011
13,Johns Hopkins University,United States of America,80.9,58.5,89.2,92.3,100,86.4,"15,128",3.6,23%,2011
14,Cornell University,United States of America,82.2,62.4,88.8,88.1,34.7,83.9,"21,424",10.2,19%,2011
15,University of Michigan,United States of America,83.9,53.3,89.1,84.1,59.6,83.4,"41,786",9,16%,2011
19,University of Pennsylvania,United States of America,71.8,32.9,82.7,93.6,43.7,79.5,"20,376",6.5,20%,2011
20,Carnegie Mellon University,United States of America,70.3,39.1,79.3,95.7,53.7,79.3,"11,885",13.1,35%,2011
23,University of Washington,United States of America,68.2,49,77.1,95.9,32.8,78,"44,020",11.8,13%,2011
24,Duke University,United States of America,66.8,49.4,71.5,92.3,100,76.5,"15,172",4.8,17%,2011
27,Georgia Institute of Technology,United States of America,67.9,73.2,72.6,83.2,95.1,75.3,"19,967",20.1,26%,2011
29,"University of California, Santa Barbara",United States of America,56.6,64.3,68,98.8,89.8,75,"22,020",27.3,11%,2011
30,University of British Columbia,Canada,65.1,93.3,74.8,80.3,42.6,73.8,"50,152",17.6,25%,2011
30,University of North Carolina at Chapel Hill,United States of America,70.9,21.5,75.1,85,50.2,73.8,"26,518",7.3,8%,2011
32,"University of California, San Diego",United States of America,59.8,31.6,76.3,90.8,51.8,73.2,"27,233",6.5,11%,2011
36,University of Melbourne,Australia,58.7,88,69.2,83.3,47.7,71,"40,128",23.7,35%,2011
47,Rice University,United States of America,57.4,31.2,50.6,99.1,29.2,66.9,"6,333",9,26%,2011
51,Vanderbilt University,United States of America,64.9,22.1,59.5,78.1,84.2,65.9,"12,161",3.6,10%,2011
54,"University of California, Davis",United States of America,57.3,60.5,70.7,68.8,48,65,"35,364",13.9,13%,2011
56,University of Massachusetts,United States of America,61.3,22.6,72.6,67.9,53.9,64.7,"56,959",13,11%,2011
58,Tsinghua University,China,74.9,43,66.6,52.7,97.8,64.2,"39,763",13.7,10%,2011
59,Boston University,United States of America,53.6,38.1,51.9,91.4,29.6,64,"24,789",8.6,17%,2011
64,University of Pittsburgh,United States of America,58.5,25.2,58.3,78.3,37.9,62.7,"26,485",5.8,10%,2011
71,University of Sydney,Australia,49.8,89.6,61.9,64.3,90.8,61.2,"41,868",20.2,28%,2011
73,University of Adelaide,Australia,46.5,87.5,38.8,90.5,52.7,60.7,"20,771",30.1,26%,2011
81,The University of Queensland,Australia,51.8,74.2,53.4,69,57.1,59.1,"34,718",32.7,27%,2011
95,University of Arizona,United States of America,52.4,21.9,52.2,70.1,84.2,57.3,"36,429",12.7,8%,2011
109,Pennsylvania State University,United States of America,46.3,19.9,49.2,77.6,44,56,"44,501",12.4,12%,2011
117,"University of California, Riverside",United States of America,38.6,63,47.4,78.3,30.5,55.1,"20,626",22,12%,2011
120,Nanjing University,China,52.2,50.2,46.2,66,43.4,54.6,"29,743",13.3,10%,2011
127,University of Alberta,Canada,53.7,71.6,58,49.7,44.5,54.3,"36,299",21.6,23%,2011
130,Osaka University,Japan,61.7,20.1,63.4,40,73.4,53.4,"23,144",7.8,9%,2011
132,Tohoku University,Japan,60.3,20.1,62.5,41.2,82.3,53.3,"17,200",5,7%,2011
142,University of Barcelona,Spain,34.1,22.3,33.7,91.9,30,52.1,"47,491",12.2,10%,2011
152,University of New South Wales,Australia,49.5,70.7,48.9,51.2,60,51.2,"38,309",25.9,33%,2011
155,Pompeu Fabra University,Spain,35,44.1,33,84.7,40,51.1,"10,901",18.3,13%,2011
156,Iowa State University,United States of America,49.3,23.2,49.6,58.2,49.6,51,"29,991",17.4,11%,2011
159,University of Delaware,United States of America,38.4,16.8,51.9,61.3,100,50.4,"19,262",15.9,10%,2011
171,Sun Yat-sen University,China,46.2,29.3,34.7,70.2,41.2,49.6,"51,351",16.6,8%,2011
178,Monash University,Australia,39.4,87.1,38.8,60.5,40.8,48.5,"50,882",40.5,36%,2011
190,Drexel University,United States of America,45,60.6,35.9,58.2,27.4,46.9,"20,713",10.8,18%,2011
190,University of Cincinnati,United States of America,43.6,18.9,40.4,61.5,32.5,46.9,"36,108",15.7,6%,2011
196,Kent State University,United States of America,33.5,15.9,33.3,76.8,26.3,46.5,"23,122",19,8%,2011
197,Zhejiang University,China,54.6,29.6,41.3,44.3,70.3,46.4,"47,508",15.9,5%,2011
199,Simon Fraser University,Canada,32.9,51.9,44.2,60.2,37.9,46.2,"26,640",28.3,19%,2011
1,California Institute of Technology,United States of America,95.7,56,98.2,99.9,97,94.8,"2,243",6.9,27%,2012
2,Stanford University,United States of America,94.8,57.2,98.9,99.8,63.8,93.9,"15,596",7.8,22%,2012
5,Princeton University,United States of America,91.5,49.6,99.1,100,81,92.9,"7,929",8.4,27%,2012
7,Massachusetts Institute of Technology,United States of America,92.7,79.2,87.4,100,94.4,92.3,"11,074",9,33%,2012
10,"University of California, Berkeley",United States of America,82.8,50.4,99.4,99.4,62.5,89.8,"36,186",16.4,15%,2012
11,Yale University,United States of America,92.3,55.5,91.2,96.7,34.7,89.1,"11,751",4.4,20%,2012
14,Johns Hopkins University,United States of America,78.9,59.9,86.5,97.3,100,85.8,"15,128",3.6,23%,2012
16,University of Pennsylvania,United States of America,87,34.3,86.1,97.9,41.9,84.9,"20,376",6.5,20%,2012
18,University of Michigan,United States of America,75.4,47.2,90,94.3,53.3,82.8,"41,786",9,16%,2012
21,Carnegie Mellon University,United States of America,65.7,55,79.5,97.4,60.7,78.4,"11,885",13.1,35%,2012
22,Duke University,United States of America,62.6,46.9,77.9,97.4,100,77.4,"15,172",4.8,17%,2012
22,University of British Columbia,Canada,68.6,88.7,78.6,85.2,40.6,77.4,"50,152",17.6,25%,2012
24,Georgia Institute of Technology,United States of America,66.6,65,73.8,91.9,99.2,77,"19,967",20.1,26%,2012
25,University of Washington,United States of America,70.8,36.9,74,98.2,31.8,76.5,"44,020",11.8,13%,2012
26,Northwestern University,United States of America,66.3,35.3,75.5,98.6,56.6,76.2,"18,334",13.8,15%,2012
27,University of Wisconsin-Madison,United States of America,74.3,23.8,77.3,90.6,55.3,75.8,"39,655",10.8,11%,2012
28,McGill University,Canada,72.8,81.4,78.4,77.1,35.1,75.5,"31,326",13.7,23%,2012
29,University of Texas at Austin,United States of America,69.5,38.8,76.1,89.6,57.7,74.9,"49,427",17.4,9%,2012
33,"University of California, San Diego",United States of America,61.4,31.5,72,97.8,51.8,73,"27,233",6.5,11%,2012
35,"University of California, Santa Barbara",United States of America,55,52.6,65.3,99.9,85,72.1,"22,020",27.3,11%,2012
37,University of Melbourne,Australia,62.2,82.5,72.4,80.7,44.4,71.9,"40,128",23.7,35%,2012
38,Australian National University,Australia,62.8,93.8,75.1,72.6,41.7,71.2,"14,604",19.2,35%,2012
38,"University of California, Davis",United States of America,68,51.4,68.7,83.4,52.5,71.2,"35,364",13.9,13%,2012
43,University of North Carolina at Chapel Hill,United States of America,67.6,20.2,62.6,92.6,35.5,69.3,"26,518",7.3,8%,2012
44,New York University,United States of America,60.2,38.1,65.4,92.3,30.9,69,"42,056",6.8,19%,2012
51,Pennsylvania State University,United States of America,53.5,29.5,66.7,83.4,61.6,64.9,"44,501",12.4,12%,2012
54,Boston University,United States of America,60.7,37.2,46.2,95.6,27.6,64.2,"24,789",8.6,17%,2012
55,University of Southern California,United States of America,65.8,41.1,48.7,80.2,99.3,64,"36,534",12.9,20%,2012
57,Ohio State University,United States of America,61.8,42.2,56.2,77.5,49.9,63,"51,462",13.4,12%,2012
58,University of Sydney,Australia,55.4,88.1,65.7,57.2,92.1,62.4,"41,868",20.2,28%,2012
59,University of Pittsburgh,United States of America,54.3,26.5,53.9,88.7,37.5,62,"26,485",5.8,10%,2012
64,University of Massachusetts,United States of America,54,27.3,58.3,80.1,53.2,61.1,"56,959",13,11%,2012
65,McMaster University,Canada,41.9,72,49.9,85.5,97.5,61,"23,823",19.3,15%,2012
70,Vanderbilt University,United States of America,52.1,26.8,47.6,86.8,64.4,59.6,"12,161",3.6,10%,2012
71,Tsinghua University,China,74.1,33.4,70.1,37.4,99.8,59.5,"39,763",13.7,10%,2012
72,Rice University,United States of America,45.9,39.7,38,99.9,36.2,59,"6,333",9,26%,2012
74,The University of Queensland,Australia,47.5,80.8,52.3,70.2,62.6,58.6,"34,718",32.7,27%,2012
75,Emory University,United States of America,48.4,37.3,39.8,90.9,34.4,57.4,"12,338",4.5,18%,2012
77,Tufts University,United States of America,45.8,41.3,37.4,94.5,35.4,57.3,"10,410",10,14%,2012
81,University of Rochester,United States of America,47,45.7,33.5,94.5,36.4,56.8,"9,390",4.5,26%,2012
86,"University of California, Irvine",United States of America,36.2,36.3,42.3,93.5,45.6,55.4,"26,614",16.1,16%,2012
89,University of Notre Dame,United States of America,42.6,33.1,36.2,94.1,27.3,55,"11,829",13.8,10%,2012
94,"University of Maryland, College Park",United States of America,41.1,35.3,43.6,85.8,28.5,54.5,"31,331",8.4,9%,2012
96,Michigan State University,United States of America,47.4,34,49.6,73.6,28,54.4,"44,750",15.7,15%,2012
97,University of Arizona,United States of America,45.1,28.4,43,78.3,86,54.2,"36,429",12.7,8%,2012
100,University of Alberta,Canada,50.6,71.9,54.4,51.7,53.7,53.7,"36,299",21.6,23%,2012
104,University of Montreal,Canada,54.5,79.5,47,48.7,81.3,53.1,"38,264",20.3,25%,2012
110,"University of California, Santa Cruz",United States of America,28.5,29.8,36.6,99.9,29.5,52.5,"17,404",22.7,1%,2012
114,Stony Brook University,United States of America,37.7,56.5,28.7,88.3,29.2,51.4,"21,908",10.9,24%,2012
117,Monash University,Australia,40.5,75.8,48.5,57.1,62.2,51.1,"50,882",40.5,36%,2012
119,Osaka University,Japan,61.8,21.1,56.5,40,75,51,"23,144",7.8,9%,2012
120,Tohoku University,Japan,57.7,25.6,55.7,42.9,78.9,50.8,"17,200",5,7%,2012
127,Arizona State University,United States of America,38.2,26.1,39,80.3,28.7,49.9,"83,236",29.9,9%,2012
135,University of Virginia,United States of America,37,26.4,42.2,74.7,34.7,49,"23,845",10.2,12%,2012
143,"University of California, Riverside",United States of America,27.8,30,30.9,89.6,31,47.5,"20,626",22,12%,2012
144,Rensselaer Polytechnic Institute,United States of America,31.7,32.7,40.4,73.6,49,47.4,"6,671",15,16%,2012
146,William & Mary,United States of America,40,19.7,18.9,90.7,27,47,"7,867",11.8,7%,2012
150,Brandeis University,United States of America,25.3,40.3,27.3,90.2,33.7,46.7,"5,495",12.6,22%,2012
162,Wake Forest University,United States of America,36.4,17.2,21.6,86.1,49.1,45.8,"7,326",4.6,5%,2012
164,Texas A&M University,United States of America,42.3,36,51.8,45.7,43.8,45.7,"50,657",21.4,9%,2012
167,University of Illinois at Chicago,United States of America,53.3,27.2,43.9,43.3,38.6,45.2,"24,313",9.2,17%,2012
173,Queen’s University,Canada,39.7,65,36.1,49.3,87.5,44.6,"20,488",22.1,10%,2012
173,University of New South Wales,Australia,36.1,85.1,40.2,46.8,53.1,44.6,"38,309",25.9,33%,2012
177,University of Victoria,Canada,16.8,70.5,31.5,79.2,26.8,44.2,"17,581",21.5,11%,2012
180,University of Delaware,United States of America,26.4,29.8,37.2,66.7,98,43.8,"19,262",15.9,10%,2012
184,Iowa State University,United States of America,32.8,28.3,30.1,70.4,49.2,43.4,"29,991",17.4,11%,2012
185,University of Ottawa,Canada,38.9,49.6,34.8,54.8,36.9,43.2,"36,733",26.3,15%,2012
186,Pompeu Fabra University,Spain,23.4,54.3,16.1,87.6,37.6,43.1,"10,901",18.3,13%,2012
189,University of Western Australia,Australia,32.1,90,35.8,47.8,58.7,42.9,"20,851",20.7,27%,2012
195,Boston College,United States of America,26.5,41.4,18.9,83.5,24.2,42.4,"13,216",17.4,19%,2012
1,California Institute of Technology,United States of America,96.3,59.8,99.4,99.7,95.6,95.5,"2,243",6.9,27%,2013
2,Stanford University,United States of America,95,56.6,98.8,99.3,62.4,93.7,"15,596",7.8,22%,2013
5,Massachusetts Institute of Technology,United States of America,92.9,81.6,89.2,99.9,92.9,93.1,"11,074",9,33%,2013
6,Princeton University,United States of America,89.5,54.5,99.4,99.8,79.5,92.7,"7,929",8.4,27%,2013
9,"University of California, Berkeley",United States of America,85.1,49.7,99.3,99.3,65.4,90.5,"36,186",16.4,15%,2013
11,Yale University,United States of America,93.2,54.7,92.5,94.8,38.2,89.2,"11,751",4.4,20%,2013
15,University of Pennsylvania,United States of America,90,38.1,89.4,96.2,43.7,86.6,"20,376",6.5,20%,2013
16,Johns Hopkins University,United States of America,81.8,57.3,85.5,95.3,100,85.6,"15,128",3.6,23%,2013
18,Cornell University,United States of America,77,53.8,92.1,91.8,39.5,83.3,"21,424",10.2,19%,2013
19,Northwestern University,United States of America,77.6,33.8,87.3,98.2,64.4,83.1,"18,334",13.8,15%,2013
20,University of Michigan,United States of America,76.1,47.6,91.4,91.6,53.9,82.6,"41,786",9,16%,2013
22,Carnegie Mellon University,United States of America,71.8,51.4,87,95.5,55.9,81.5,"11,885",13.1,35%,2013
23,Duke University,United States of America,72.3,45.8,81.5,97,100,81.2,"15,172",4.8,17%,2013
24,University of Washington,United States of America,74.7,39.1,81.3,97,41.3,79.9,"44,020",11.8,13%,2013
25,Georgia Institute of Technology,United States of America,70.2,66.3,79.5,90.3,74.9,78.8,"19,967",20.1,26%,2013
25,University of Texas at Austin,United States of America,75.5,42.1,80.7,91,57.9,78.8,"49,427",17.4,9%,2013
28,University of Melbourne,Australia,68.4,77.2,82.5,83.7,67.6,77.9,"40,128",23.7,35%,2013
30,University of British Columbia,Canada,69.1,82.1,80.4,84,42.4,77.3,"50,152",17.6,25%,2013
31,University of Wisconsin-Madison,United States of America,76.1,29.8,80.1,88.2,54.8,76.9,"39,655",10.8,11%,2013
34,McGill University,Canada,74.4,75.9,80.4,75.2,40.3,75.7,"31,326",13.7,23%,2013
35,"University of California, Santa Barbara",United States of America,56.1,58.3,73.5,99.4,100,75.6,"22,020",27.3,11%,2013
37,Australian National University,Australia,68.6,90,83.5,73.5,39.6,75.4,"14,604",19.2,35%,2013
38,"University of California, San Diego",United States of America,63.4,34.2,79,96.2,43.9,75.2,"27,233",6.5,11%,2013
41,New York University,United States of America,73.8,38.7,67.4,89.2,29.5,72.8,"42,056",6.8,19%,2013
42,University of North Carolina at Chapel Hill,United States of America,70.4,32.9,69.3,90.1,40,72.4,"26,518",7.3,8%,2013
44,"University of California, Davis",United States of America,67.9,51.7,71.6,82.7,52.5,71.8,"35,364",13.9,13%,2013
52,Tsinghua University,China,74.5,37.2,76.4,55.2,99.2,67.1,"39,763",13.7,10%,2013
53,Ohio State University,United States of America,66.7,46.3,60.9,80.1,49.5,67,"51,462",13.4,12%,2013
54,Boston University,United States of America,65.4,39.2,50.9,94.2,30.6,66.8,"24,789",8.6,17%,2013
56,University of Southern California,United States of America,68.4,43.4,57.1,81.9,33.5,66.3,"36,534",12.9,20%,2013
61,Pennsylvania State University,United States of America,55,34.9,69.2,81.4,59.7,65.8,"44,501",12.4,12%,2013
62,University of Sydney,Australia,59.5,83,70.1,62.9,69.2,65.7,"41,868",20.2,28%,2013
65,The University of Queensland,Australia,54.4,77.8,66.1,69.6,64,64.4,"34,718",32.7,27%,2013
72,University of Massachusetts,United States of America,57.1,31.7,62.6,77.8,52.8,62.9,"56,959",13,11%,2013
75,Rice University,United States of America,49.5,59,39.3,100,36.5,62,"6,333",9,26%,2013
76,University of Pittsburgh,United States of America,54.6,29.4,55.1,85.2,39.3,61.7,"26,485",5.8,10%,2013
79,Emory University,United States of America,56.7,36.6,44.4,90.9,38.3,61.3,"12,338",4.5,18%,2013
84,University of Montreal,Canada,54,74.6,57.9,60.9,95,59.8,"38,264",20.3,25%,2013
85,University of New South Wales,Australia,52.6,84.8,63.8,56.7,50.5,59.6,"38,309",25.9,33%,2013
87,Tufts University,United States of America,52.6,39.6,36.4,94.8,39.4,59.1,"10,410",10,14%,2013
88,McMaster University,Canada,42.3,66.9,47.9,81.7,98,59,"23,823",19.3,15%,2013
94,Michigan State University,United States of America,51.8,36.8,56.8,73.8,32.6,58.3,"44,750",15.7,15%,2013
94,University of Notre Dame,United States of America,48.3,41.6,39.6,93.5,29.8,58.3,"11,829",13.8,10%,2013
96,"University of California, Irvine",United States of America,44,35.2,47.2,90.3,42.1,58.2,"26,614",16.1,16%,2013
97,"University of Maryland, College Park",United States of America,44.9,40.4,51.4,83.9,32.1,57.9,"31,331",8.4,9%,2013
98,University of Arizona,United States of America,47,31.3,53.7,76.9,83.9,57.7,"36,429",12.7,8%,2013
99,Monash University,Australia,47.8,66.4,60.6,60.9,70,57.5,"50,882",40.5,36%,2013
99,"Rutgers, the State University of New Jersey",United States of America,50.9,27.9,61.3,69.5,35.8,57.5,"37,032",17.3,8%,2013
102,University of Rochester,United States of America,46,45.9,37.8,92.3,39.6,57.2,"9,390",4.5,26%,2013
106,Vanderbilt University,United States of America,51.5,27.5,40.9,85,53,56.6,"12,161",3.6,10%,2013
118,University of Virginia,United States of America,55.9,27.9,43,73.5,48.6,55,"23,845",10.2,12%,2013
121,University of Alberta,Canada,50.9,67.6,53.9,56.6,50.6,54.7,"36,299",21.6,23%,2013
124,Dartmouth College,United States of America,47.5,31.5,35.9,87,38.6,54.4,"6,178",6.6,16%,2013
134,University of Utah,United States of America,43.3,25.2,41.3,81,63.3,53.2,"25,674",16.9,9%,2013
137,Tohoku University,Japan,57.7,32,55.6,48.9,80.7,53.1,"17,200",5,7%,2013
147,Osaka University,Japan,59.5,23.6,55.7,46.4,69.6,52,"23,144",7.8,9%,2013
148,Arizona State University,United States of America,38.4,27.4,45.2,79.9,31.8,51.9,"83,236",29.9,9%,2013
154,"University of California, Riverside",United States of America,29.1,62.8,32.5,90.3,33.5,51.1,"20,626",22,12%,2013
156,Texas A&M University,United States of America,46.4,47.2,58.3,49.3,45.5,50.9,"50,657",21.4,9%,2013
162,Stony Brook University,United States of America,38.8,52.8,29.9,82.9,31.6,50.2,"21,908",10.9,24%,2013
165,University of Delaware,United States of America,30,37.3,41.6,76.6,97.7,49.7,"19,262",15.9,10%,2013
167,University of Texas at Dallas,United States of America,32.6,46.8,32.2,85.2,40,49.5,"16,306",22.8,23%,2013
168,George Washington University,United States of America,48.1,36.6,28,77.1,30,49.4,"20,541",12,16%,2013
171,University of Ottawa,Canada,40.8,58.1,41.4,63.1,43,49,"36,733",26.3,15%,2013
174,Rensselaer Polytechnic Institute,United States of America,36.2,32.9,40.2,73,66.8,48.9,"6,671",15,16%,2013
176,University of Adelaide,Australia,37.3,82.2,43.7,55.9,63.2,48.8,"20,771",30.1,26%,2013
184,Colorado School of Mines,United States of America,24.9,51.2,22.5,94.3,66,48,"5,287",18.2,12%,2013
184,University of Illinois at Chicago,United States of America,53.9,29.1,42.6,52.9,40.4,48,"24,313",9.2,17%,2013
184,William & Mary,United States of America,41.3,25.8,22.6,87.1,29.9,48,"7,867",11.8,7%,2013
190,University of Western Australia,Australia,35,88.4,39.9,55.7,60,47.3,"20,851",20.7,27%,2013
190,Wake Forest University,United States of America,37.5,19,22.4,89.1,48,47.3,"7,326",4.6,5%,2013
193,Iowa State University,United States of America,35.7,30.5,34.3,74.9,44,46.9,"29,991",17.4,11%,2013
196,University of Victoria,Canada,20.2,65.9,33.7,82.7,30.6,46.7,"17,581",21.5,11%,2013
198,University at Buffalo,United States of America,46.3,50.7,40.6,52.1,42.4,46.6,"25,668",19,19%,2013
1,California Institute of Technology,United States of America,94.4,65.8,98.2,99.8,91.2,94.9,"2,243",6.9,27%,2014
4,Stanford University,United States of America,94.7,68,96.8,99.1,61.3,93.8,"15,596",7.8,22%,2014
5,Massachusetts Institute of Technology,United States of America,92.9,82,89,100,94.3,93,"11,074",9,33%,2014
6,Princeton University,United States of America,89.9,59.6,97.6,99.7,80.5,92.7,"7,929",8.4,27%,2014
8,"University of California, Berkeley",United States of America,83.2,57.3,97.5,99.3,59.5,89.8,"36,186",16.4,15%,2014
11,Yale University,United States of America,89.5,57.6,90.5,93.5,38.7,87.4,"11,751",4.4,20%,2014
15,Johns Hopkins University,United States of America,75.7,59.3,85.1,95,100,83.7,"15,128",3.6,23%,2014
16,University of Pennsylvania,United States of America,79.8,40.6,81.2,95,45.2,81,"20,376",6.5,20%,2014
17,Duke University,United States of America,73.9,50,73,96.7,100,79.3,"15,172",4.8,17%,2014
18,University of Michigan,United States of America,70,49.5,86.2,90.8,53.5,79.2,"41,786",9,16%,2014
19,Cornell University,United States of America,72.1,55.6,83.8,90.8,35.8,79.1,"21,424",10.2,19%,2014
22,Northwestern University,United States of America,70.2,34.4,76,97.1,61.9,77.1,"18,334",13.8,15%,2014
24,Carnegie Mellon University,United States of America,63.1,58.1,77.4,93.9,52.5,76,"11,885",13.1,35%,2014
25,University of Washington,United States of America,65.6,43.2,69.2,95.6,43.1,73.4,"44,020",11.8,13%,2014
27,University of Texas at Austin,United States of America,64.7,42.4,69,91.3,59.6,72.2,"49,427",17.4,9%,2014
28,Georgia Institute of Technology,United States of America,59.4,67.8,68.6,87.9,71.3,71.6,"19,967",20.1,26%,2014
30,University of Wisconsin-Madison,United States of America,69.8,32.3,67.7,87.2,51.2,71.1,"39,655",10.8,11%,2014
31,University of British Columbia,Canada,59.9,84.2,67.9,83.7,43.1,70.8,"50,152",17.6,25%,2014
33,"University of California, Santa Barbara",United States of America,47.8,61.8,58.2,99.4,86.7,68.4,"22,020",27.3,11%,2014
34,University of Melbourne,Australia,57.1,81.3,64.2,80.2,65.1,68.2,"40,128",23.7,35%,2014
35,McGill University,Canada,61.5,77.8,68.1,74.5,40.8,68.1,"31,326",13.7,23%,2014
40,New York University,United States of America,65.4,41.8,58.4,87.9,29.9,67.4,"42,056",6.8,19%,2014
40,"University of California, San Diego",United States of America,52,35.6,63,96.7,48.4,67.4,"27,233",6.5,11%,2014
47,University of North Carolina at Chapel Hill,United States of America,57.6,35,55.3,90.2,39.1,64.5,"26,518",7.3,8%,2014
48,Australian National University,Australia,51.8,91.4,65.1,71.2,44.8,64.4,"14,604",19.2,35%,2014
49,Pennsylvania State University,United States of America,55.3,33.7,65.9,79.4,60,64.2,"44,501",12.4,12%,2014
50,Boston University,United States of America,56.5,44.2,46.1,95.3,31.1,63.5,"24,789",8.6,17%,2014
50,Tsinghua University,China,66.8,42.6,65.9,59.9,99.9,63.5,"39,763",13.7,10%,2014
52,"University of California, Davis",United States of America,55.5,53.7,56.4,81.2,51.3,63.2,"35,364",13.9,13%,2014
59,Ohio State University,United States of America,58.3,48.1,52.9,79.4,47.7,62,"51,462",13.4,12%,2014
63,The University of Queensland,Australia,43.4,79.7,58,73.3,61,59.9,"34,718",32.7,27%,2014
65,Rice University,United States of America,44.1,67.7,35.5,99.9,35.2,59.8,"6,333",9,26%,2014
70,University of Southern California,United States of America,58.7,43.4,43.2,81.2,34.6,59,"36,534",12.9,20%,2014
72,University of Sydney,Australia,47.4,84.8,55.4,66.6,66.3,58.8,"41,868",20.2,28%,2014
78,University of Pittsburgh,United States of America,48.6,29.4,45.4,84.4,39.4,56.7,"26,485",5.8,10%,2014
80,Emory University,United States of America,50.4,42.4,31.6,90.8,43.2,56.1,"12,338",4.5,18%,2014
80,Tufts University,United States of America,46.7,43.4,32.1,93.9,39.1,56.1,"10,410",10,14%,2014
83,Michigan State University,United States of America,50,52.6,49.1,71.5,32,55.9,"44,750",15.7,15%,2014
88,Vanderbilt University,United States of America,46.8,28.6,38.7,86.5,51,55,"12,161",3.6,10%,2014
90,University of Notre Dame,United States of America,41.2,47.5,34.7,91.8,31.2,54.7,"11,829",13.8,10%,2014
91,Monash University,Australia,42.5,78.3,48.9,65.4,67,54.6,"50,882",40.5,36%,2014
92,McMaster University,Canada,35.3,68,42.7,79.4,86.9,54.5,"23,823",19.3,15%,2014
93,"University of California, Irvine",United States of America,37.1,36.4,40.8,89.7,44.9,54.1,"26,614",16.1,16%,2014
95,University of Rochester,United States of America,42.8,50.7,29.9,89.7,41.4,53.6,"9,390",4.5,26%,2014
103,"Rutgers, the State University of New Jersey",United States of America,43.4,31.4,50.1,70.4,35.4,52.4,"37,032",17.3,8%,2014
103,University of Arizona,United States of America,39.4,38,44.4,74.6,82.3,52.4,"36,429",12.7,8%,2014
106,University of Montreal,Canada,45.7,75.6,42.9,59.3,90.9,52.3,"38,264",20.3,25%,2014
108,"University of Maryland, College Park",United States of America,39,42.4,37.2,84.4,32.1,52.2,"31,331",8.4,9%,2014
109,University of Alberta,Canada,44.6,70.1,47.8,59.3,46.8,52,"36,299",21.6,23%,2014
112,University of Virginia,United States of America,49.7,30.2,33.9,77.5,49.4,51.8,"23,845",10.2,12%,2014
114,University of New South Wales,Australia,38.8,83.5,50.1,58,52.6,51.7,"38,309",25.9,33%,2014
126,Dartmouth College,United States of America,38.5,32.7,34.5,83.6,42.3,50.5,"6,178",6.6,16%,2014
132,University of Massachusetts,United States of America,40.7,33.1,38.9,74.6,52,50.1,"56,959",13,11%,2014
135,Boston College,United States of America,26.3,54.4,26.4,96.2,49.4,50,"13,216",17.4,19%,2014
139,Colorado School of Mines,United States of America,22.7,47.3,27.2,97.1,74.8,49.5,"5,287",18.2,12%,2014
143,University of Utah,United States of America,39.4,25.5,36.1,76.6,61.3,49.1,"25,674",16.9,9%,2014
144,Osaka University,Japan,52.5,27.6,47.6,50.4,71.2,49,"23,144",7.8,9%,2014
146,Arizona State University,United States of America,33.8,28.6,35.9,83.6,31.4,48.9,"83,236",29.9,9%,2014
148,"University of California, Riverside",United States of America,25.9,62.2,25.8,91.8,37.6,48.7,"20,626",22,12%,2014
150,Tohoku University,Japan,51.8,29.3,48.1,47.3,85.9,48.5,"17,200",5,7%,2014
159,Texas A&M University,United States of America,43,46.8,50.2,48.6,47.5,47.2,"50,657",21.4,9%,2014
160,Georgetown University,United States of America,51.9,43.6,25.6,62.3,71.9,47,"15,408",8.5,14%,2014
164,Brandeis University,United States of America,28.8,50.6,24.3,86.5,36.8,46.6,"5,495",12.6,22%,2014
164,Pompeu Fabra University,Spain,27,51.7,27.1,85.2,37.3,46.6,"10,901",18.3,13%,2014
168,University of Western Australia,Australia,34.6,88.6,34.7,58,63.3,46.4,"20,851",20.7,27%,2014
174,University of Delaware,United States of America,27,37.1,35.5,73.6,98.1,46,"19,262",15.9,10%,2014
176,University at Buffalo,United States of America,40.2,55.4,39.3,56.2,39.4,45.9,"25,668",19,19%,2014
178,Stony Brook University,United States of America,32.5,57.8,22.9,80.3,32.3,45.8,"21,908",10.9,24%,2014
180,Wake Forest University,United States of America,36.1,23.7,21.8,85.1,38.8,45.7,"7,326",4.6,5%,2014
181,Rensselaer Polytechnic Institute,United States of America,30.7,35.6,35.5,71.5,65.6,45.6,"6,671",15,16%,2014
183,Iowa State University,United States of America,35.6,38.8,32.4,71.5,28.2,45.5,"29,991",17.4,11%,2014
184,Northeastern University,United States of America,34.5,48.5,19.8,82,34.5,45.4,"18,539",15.1,26%,2014
185,University of Ottawa,Canada,36.5,62.4,34.8,60.6,41.6,45.3,"36,733",26.3,15%,2014
188,University of Texas at Dallas,United States of America,25.5,46.8,28.6,81.2,44.4,45.2,"16,306",22.8,23%,2014
191,University of Illinois at Chicago,United States of America,45.5,43.3,34.9,56.2,31.1,45,"24,313",9.2,17%,2014
194,George Washington University,United States of America,45.6,36,26.3,65.9,30,44.8,"20,541",12,16%,2014
197,Florida Institute of Technology,United States of America,15.9,61.5,14.5,99,44.7,44.6,"4,408",13.7,26%,2014
1,California Institute of Technology,United States of America,92.2,67,98.1,99.7,89.1,94.3,"2,243",6.9,27%,2015
4,Stanford University,United States of America,91.5,69,96.7,99.1,63.1,92.9,"15,596",7.8,22%,2015
6,Massachusetts Institute of Technology,United States of America,89.1,84.3,88.2,100,95.7,91.9,"11,074",9,33%,2015
7,Princeton University,United States of America,86.6,61.2,94.7,99.6,82.7,90.9,"7,929",8.4,27%,2015
8,"University of California, Berkeley",United States of America,84.2,58.5,96.7,99.1,44.8,89.5,"36,186",16.4,15%,2015
9,Yale University,United States of America,88.5,59.8,90.8,94,42,87.5,"11,751",4.4,20%,2015
11,University of Chicago,United States of America,83.9,65.2,89.9,97.3,36.8,87.1,"14,221",6.9,21%,2015
15,Johns Hopkins University,United States of America,75.6,59.7,84.2,93.6,100,83,"15,128",3.6,23%,2015
16,University of Pennsylvania,United States of America,79,43.8,82,94.4,43,81,"20,376",6.5,20%,2015
17,University of Michigan,United States of America,77,49.8,86.5,88.9,55.7,80.9,"41,786",9,16%,2015
18,Duke University,United States of America,73.5,50.5,75.2,96.6,100,79.9,"15,172",4.8,17%,2015
19,Cornell University,United States of America,71.6,59,83.8,91.5,33.7,79.4,"21,424",10.2,19%,2015
21,Northwestern University,United States of America,72.7,36.7,78.9,96.9,77,79.2,"18,334",13.8,15%,2015
24,Carnegie Mellon University,United States of America,61.6,59.3,74.9,92,53,74.3,"11,885",13.1,35%,2015
26,University of Washington,United States of America,64.5,47.9,68.9,95,44.7,73.2,"44,020",11.8,13%,2015
27,Georgia Institute of Technology,United States of America,62.5,68.9,71.2,85.8,72.3,72.8,"19,967",20.1,26%,2015
28,University of Texas at Austin,United States of America,64.3,33.1,72,91.5,58.1,72.3,"49,427",17.4,9%,2015
29,University of Illinois at Urbana-Champaign,United States of America,67.7,43.9,79,77.8,51.7,71.9,"42,727",18.7,20%,2015
29,University of Wisconsin-Madison,United States of America,67.7,33.6,71.3,87.7,53.3,71.9,"39,655",10.8,11%,2015
32,University of British Columbia,Canada,60.5,84.8,69,85.3,40.1,71.8,"50,152",17.6,25%,2015
33,University of Melbourne,Australia,60.4,81.3,70.9,80.6,61.2,71.2,"40,128",23.7,35%,2015
37,"University of California, Santa Barbara",United States of America,49.4,64.3,61.4,99.2,87.1,70,"22,020",27.3,11%,2015
38,New York University,United States of America,68.3,41.2,62.4,89.5,30.2,69.9,"42,056",6.8,19%,2015
39,McGill University,Canada,63.3,79,69.9,76,38.6,69.6,"31,326",13.7,23%,2015
41,"University of California, San Diego",United States of America,52,37,66.6,96.4,54.2,68.6,"27,233",6.5,11%,2015
45,Australian National University,Australia,53.7,91.3,70.9,71.1,38.9,66.5,"14,604",19.2,35%,2015
46,University of North Carolina at Chapel Hill,United States of America,57.9,35.3,58.6,91,40.5,65.9,"26,518",7.3,8%,2015
49,Tsinghua University,China,64.1,44.6,68.3,65,99.7,65.1,"39,763",13.7,10%,2015
55,"University of California, Davis",United States of America,54.4,52.9,59.7,80.4,55.4,63.7,"35,364",13.9,13%,2015
57,Boston University,United States of America,56.4,47.8,46.7,94.4,30.3,63.6,"24,789",8.6,17%,2015
58,Pennsylvania State University,United States of America,54.6,37.4,64.8,76,60.4,62.9,"44,501",12.4,12%,2015
60,University of Sydney,Australia,52.8,83.6,60.8,69,67.3,62.7,"41,868",20.2,28%,2015
63,Scuola Normale Superiore di Pisa,Italy,48.2,50.1,46,96.4,40.1,61.9,462,16.5,5%,2015
65,The University of Queensland,Australia,45.8,80.4,58.4,74.2,66.2,61.2,"34,718",32.7,27%,2015
68,Ohio State University,United States of America,54,51.5,51.1,80.4,46.8,60.7,"51,462",13.4,12%,2015
69,Rice University,United States of America,41.7,70.8,37.1,99.9,34.6,59.8,"6,333",9,26%,2015
75,University of Southern California,United States of America,55.2,42.7,44.6,81.3,34.4,58.4,"36,534",12.9,20%,2015
82,Michigan State University,United States of America,51.1,55,49.4,74,31.7,57.3,"44,750",15.7,15%,2015
83,Monash University,Australia,43.7,79.6,54.4,65.7,73.4,56.9,"50,882",40.5,36%,2015
86,University of Arizona,United States of America,44.9,38.8,51.4,74,99.6,56.5,"36,429",12.7,8%,2015
88,Tufts University,United States of America,43.6,51.1,33.9,92.9,58.7,56.4,"10,410",10,14%,2015
88,"University of California, Irvine",United States of America,39.5,56.1,41.7,89.5,40,56.4,"26,614",16.1,16%,2015
91,University of Massachusetts,United States of America,44.8,40.3,49.1,78.7,52.8,56.1,"56,959",13,11%,2015
91,University of Pittsburgh,United States of America,45.2,32.2,46.3,84.4,38.5,56.1,"26,485",5.8,10%,2015
93,Emory University,United States of America,49,42.9,32.4,89.5,42.3,55.5,"12,338",4.5,18%,2015
94,McMaster University,Canada,38.1,69.4,43.2,78.8,85,55.3,"23,823",19.3,15%,2015
96,Vanderbilt University,United States of America,46,28.3,38.2,87.7,59.4,55.2,"12,161",3.6,10%,2015
109,"University of California, Santa Cruz",United States of America,30.6,54.6,31.9,100,33.8,53.7,"17,404",22.7,1%,2015
109,University of New South Wales,Australia,41.1,83.5,51.9,61.1,47.8,53.7,"38,309",25.9,33%,2015
113,University of Montreal,Canada,43.8,76.7,44.4,62.9,91.8,53.4,"38,264",20.3,25%,2015
121,University of Rochester,United States of America,41.9,55.5,29.2,87.7,36.4,52.7,"9,390",4.5,26%,2015
124,University of Alberta,Canada,43.8,73.4,47.1,61.8,51.8,52.6,"36,299",21.6,23%,2015
126,Boston College,United States of America,32.4,54.6,29.1,95.9,46.5,52.5,"13,216",17.4,19%,2015
130,University of Virginia,United States of America,48.7,31.8,35.9,76.9,49.8,52.1,"23,845",10.2,12%,2015
132,"University of Maryland, College Park",United States of America,36.5,44.8,39.1,83.6,33.2,51.9,"31,331",8.4,9%,2015
141,Colorado School of Mines,United States of America,26.1,52.6,26.7,97.1,79.4,50.9,"5,287",18.2,12%,2015
141,Texas A&M University,United States of America,46.2,49.1,51.9,55.1,49.6,50.9,"50,657",21.4,9%,2015
144,"Rutgers, the State University of New Jersey",United States of America,40.5,34.3,45.3,71,35.2,50.5,"37,032",17.3,8%,2015
147,Brandeis University,United States of America,25.8,54.7,29.1,95.3,43.9,50.3,"5,495",12.6,22%,2015
150,"University of California, Riverside",United States of America,29.4,61.6,27.5,91.5,39.5,50.1,"20,626",22,12%,2015
152,Dartmouth College,United States of America,38.3,33.1,35.4,80.4,49.1,50,"6,178",6.6,16%,2015
157,Osaka University,Japan,51.3,29.1,48,51.1,73.6,49.1,"23,144",7.8,9%,2015
157,University of Western Australia,Australia,36.3,87.3,38.1,62.2,63.3,49.1,"20,851",20.7,27%,2015
162,University of Utah,United States of America,38.8,27.5,36.5,75,58.1,48.6,"25,674",16.9,9%,2015
164,University of Adelaide,Australia,33.8,79.3,40.4,61.1,65.3,48.2,"20,771",30.1,26%,2015
165,Pompeu Fabra University,Spain,25.1,63.2,28.3,88.3,35.9,48.1,"10,901",18.3,13%,2015
165,Tohoku University,Japan,49.7,29.7,47.3,49.6,76.8,48.1,"17,200",5,7%,2015
173,Georgetown University,United States of America,51.1,43.3,28.2,62.2,80,47.7,"15,408",8.5,14%,2015
173,University of Victoria,Canada,21.6,70.1,30.6,86.7,31.6,47.7,"17,581",21.5,11%,2015
175,University of Iowa,United States of America,41.9,31.7,33.5,71,49.3,47.5,"27,526",11.6,11%,2015
177,Syracuse University,United States of America,32.4,41.2,24.4,87.1,40.6,47.3,"19,660",15.9,15%,2015
180,University of Delaware,United States of America,29,40.6,36.3,73.1,99.3,47,"19,262",15.9,10%,2015
182,Arizona State University,United States of America,35.7,29.5,37.5,73.1,32.6,46.9,"83,236",29.9,9%,2015
185,Northeastern University,United States of America,36.4,54.7,21.9,81.3,34,46.8,"18,539",15.1,26%,2015
188,Stony Brook University,United States of America,32.8,60.5,24.4,80.4,31.3,46.6,"21,908",10.9,24%,2015
188,University of Ottawa,Canada,37.9,63.2,34.7,62.9,45.9,46.6,"36,733",26.3,15%,2015
191,University at Buffalo,United States of America,40.1,57,39.8,57.5,39.6,46.5,"25,668",19,19%,2015
193,Fudan University,China,45.6,37.4,34,61,49.4,46.2,"32,175",12.2,11%,2015
193,Iowa State University,United States of America,36.4,40.6,30.9,72,54.4,46.2,"29,991",17.4,11%,2015
200,Florida Institute of Technology,United States of America,19.7,63,13.1,99.2,53.7,45.6,"4,408",13.7,26%,2015
200,George Washington University,United States of America,44.6,39.9,25.1,70,29.3,45.6,"20,541",12,16%,2015
1,California Institute of Technology,United States of America,95.6,64,97.6,99.8,97.8,95.2,"2,243",6.9,27%,2016
3,Stanford University,United States of America,92.5,76.3,96.2,99.9,63.3,93.9,"15,596",7.8,22%,2016
5,Massachusetts Institute of Technology,United States of America,89.4,84,88.6,99.7,95.4,92,"11,074",9,33%,2016
7,Princeton University,United States of America,85.1,78.5,91.9,99.3,52.1,90.1,"7,929",8.4,27%,2016
10,University of Chicago,United States of America,85.7,65,88.9,99.2,36.6,87.9,"14,221",6.9,21%,2016
11,Johns Hopkins University,United States of America,77.6,70,90.4,98.2,100,87.6,"15,128",3.6,23%,2016
12,Yale University,United States of America,86.5,64.3,87.8,97.2,43.3,87.4,"11,751",4.4,20%,2016
13,"University of California, Berkeley",United States of America,80.4,61.9,91.1,99.7,47.9,87.2,"36,186",16.4,15%,2016
16,"University of California, Los Angeles",United States of America,80.8,56.4,88.6,98.5,47.9,85.8,"38,206",10.3,15%,2016
17,University of Pennsylvania,United States of America,82,49.5,86.9,98.6,47.9,85.2,"20,376",6.5,20%,2016
18,Cornell University,United States of America,77.9,63.9,86.1,97.2,33.7,84,"21,424",10.2,19%,2016
20,Duke University,United States of America,76,56.5,78,99,100,82.7,"15,172",4.8,17%,2016
21,University of Michigan,United States of America,76.8,53.7,85.2,94.4,56.3,82.4,"41,786",9,16%,2016
22,Carnegie Mellon University,United States of America,67.4,57.1,88.8,99.1,57.5,82.3,"11,885",13.1,35%,2016
25,Northwestern University,United States of America,69.8,53.9,78.4,96.5,81.2,79.5,"18,334",13.8,15%,2016
30,New York University,United States of America,74.7,49.3,72.3,95.3,30.4,77.2,"42,056",6.8,19%,2016
32,University of Washington,United States of America,67.1,51.2,70,98.6,43.1,75.6,"44,020",11.8,13%,2016
33,University of Melbourne,Australia,62,87.1,75.5,86.6,64.6,75.4,"40,128",23.7,35%,2016
34,University of British Columbia,Canada,60.2,90.5,73.2,91.5,42.6,75.3,"50,152",17.6,25%,2016
36,University of Illinois at Urbana-Champaign,United States of America,64.5,45.8,81.2,86.8,52.8,74.5,"42,727",18.7,20%,2016
38,McGill University,Canada,66.1,85.5,72.1,78.9,40.3,72.6,"31,326",13.7,23%,2016
39,"University of California, San Diego",United States of America,56.9,42.9,69.8,98.7,56.7,72.2,"27,233",6.5,11%,2016
39,"University of California, Santa Barbara",United States of America,52.6,61.5,66,99.2,90.4,72.2,"22,020",27.3,11%,2016
41,Georgia Institute of Technology,United States of America,57.8,71.5,72.7,86,73.7,72.1,"19,967",20.1,26%,2016
44,"University of California, Davis",United States of America,60.1,58.4,72.7,84.3,57.3,71,"35,364",13.9,13%,2016
46,University of Texas at Austin,United States of America,59.3,31.7,69.7,92.2,63.1,70.3,"49,427",17.4,9%,2016
47,Tsinghua University,China,73.3,39.5,83,58.8,100,70,"39,763",13.7,10%,2016
50,University of Wisconsin-Madison,United States of America,65.1,33,68.2,86.6,48.5,69.7,"39,655",10.8,11%,2016
52,Australian National University,Australia,54.7,93.3,77.3,72.3,48,69.5,"14,604",19.2,35%,2016
56,University of Sydney,Australia,54.3,84.4,68.1,77.5,72.4,68.1,"41,868",20.2,28%,2016
60,The University of Queensland,Australia,49.2,89.3,62.8,82.4,76.7,67,"34,718",32.7,27%,2016
63,University of North Carolina at Chapel Hill,United States of America,58,39,54.5,95.9,39.4,66.4,"26,518",7.3,8%,2016
64,Boston University,United States of America,57.8,51,49.5,97.7,30.3,66.1,"24,789",8.6,17%,2016
65,University of Minnesota,United States of America,53.5,35.3,61,88,98.5,65.9,"46,825",18,13%,2016
68,University of Southern California,United States of America,49.3,56.3,58.9,93,38,65.5,"36,534",12.9,20%,2016
73,Monash University,Australia,48.1,87.6,58.5,73.3,79.7,62.5,"50,882",40.5,36%,2016
75,Pennsylvania State University,United States of America,50.4,40.8,61.9,80.5,56.2,62.3,"44,501",12.4,12%,2016
79,University of Pittsburgh,United States of America,50.6,33.9,50.3,92.3,39.3,61.5,"26,485",5.8,10%,2016
82,University of New South Wales,Australia,40.7,89.5,53.9,82.1,50,61,"38,309",25.9,33%,2016
87,Vanderbilt University,United States of America,47.8,29.1,44.2,95.7,63.2,60.1,"12,161",3.6,10%,2016
90,Emory University,United States of America,48.3,51,37.1,96.7,48.9,59.7,"12,338",4.5,18%,2016
90,Ohio State University,United States of America,51.6,53,46.6,83.2,53.1,59.7,"51,462",13.4,12%,2016
94,Georgetown University,United States of America,54.4,52.7,39.3,82.5,80.7,58.8,"15,408",8.5,14%,2016
94,McMaster University,Canada,39.8,76.1,44.8,84.9,88,58.8,"23,823",19.3,15%,2016
99,Michigan State University,United States of America,47.3,56.4,52.6,76.8,32.2,58,"44,750",15.7,15%,2016
101,Rice University,United States of America,37.9,66.6,35.1,99.7,41.7,57.9,"6,333",9,26%,2016
104,Dartmouth College,United States of America,50.7,38.3,35.8,93.3,40.8,57.8,"6,178",6.6,16%,2016
106,"University of California, Irvine",United States of America,39.9,59.2,41.8,91.6,48.9,57.7,"26,614",16.1,16%,2016
108,University of Notre Dame,United States of America,47.6,47.6,48.1,81.7,33.7,57.6,"11,829",13.8,10%,2016
109,University of Western Australia,Australia,33.4,92.6,46.1,83.6,64.5,57.5,"20,851",20.7,27%,2016
112,Scuola Normale Superiore di Pisa,Italy,54.2,46.3,53.1,67.2,52,57.1,462,16.5,5%,2016
113,University of Montreal,Canada,46.3,84.2,45.5,69.6,92.6,57,"38,264",20.3,25%,2016
117,"University of Maryland, College Park",United States of America,45,43.5,42.1,88.2,32.3,56.7,"31,331",8.4,9%,2016
123,"Rutgers, the State University of New Jersey",United States of America,43.9,34.7,55.7,75.4,35.9,56,"37,032",17.3,8%,2016
127,University of Colorado Boulder,United States of America,39.7,36.6,37.6,96.4,35.7,55.8,"29,325",16.1,8%,2016
127,Tufts University,United States of America,45.2,49.4,33.3,90.1,60.7,55.8,"10,410",10,14%,2016
133,Case Western Reserve University,United States of America,46.1,40.5,33.2,92,34.1,55.3,"9,259",6.4,17%,2016
137,University of Alberta,Canada,46.4,80.7,48.1,63.6,47.4,54.7,"36,299",21.6,23%,2016
141,University of Massachusetts,United States of America,40.2,48.9,36.3,88.1,52.2,54.3,"56,959",13,11%,2016
144,"University of California, Santa Cruz",United States of America,31.1,45.6,34.2,99.9,36.1,53.9,"17,404",22.7,1%,2016
146,Autonomous University of Barcelona,Spain,40.3,50.3,40,83.8,34.9,53.8,"30,538",12.3,10%,2016
147,University of Virginia,United States of America,38.8,43.4,37.5,87.3,37.9,53.3,"23,845",10.2,12%,2016
149,University of Adelaide,Australia,32.8,85.1,43.2,72.4,79.3,52.9,"20,771",30.1,26%,2016
158,University of Rochester,United States of America,39.7,55.8,27.9,89,37,52.1,"9,390",4.5,26%,2016
161,University of Miami,United States of America,41.7,64,22.3,90.1,35.5,51.9,"15,286",5.7,14%,2016
163,University of Arizona,United States of America,38.7,38.6,41.8,79.5,32.4,51.7,"36,429",12.7,8%,2016
164,Pompeu Fabra University,Spain,32.9,63.3,28,90.7,37.2,51.2,"10,901",18.3,13%,2016
167,"University of California, Riverside",United States of America,27.5,59.5,33.3,91.2,42.5,51.1,"20,626",22,12%,2016
174,University of Barcelona,Spain,38.5,49.2,37.4,78.9,31.1,50.9,"47,491",12.2,10%,2016
179,University of Waterloo,Canada,35.4,74.4,43.9,66.5,39.5,50.3,"30,726",24.2,14%,2016
180,Scuola Superiore Sant’Anna,Italy,42.5,45.2,23.2,84.5,71.2,50.2,769,8.5,17%,2016
182,University of Utah,United States of America,35.6,30.1,35.3,83.7,57.4,50.1,"25,674",16.9,9%,2016
185,Brandeis University,United States of America,28.3,47,25.7,97.3,38.6,49.9,"5,495",12.6,22%,2016
189,Arizona State University,United States of America,32.4,31.9,38.1,84.6,32,49.7,"83,236",29.9,9%,2016
190,Boston College,United States of America,34.1,60,29.3,83.3,46.8,49.6,"13,216",17.4,19%,2016
193,Texas A&M University,United States of America,49.4,47.8,52.4,47.1,46.4,49.4,"50,657",21.4,9%,2016
198,University of Trento,Italy,30.8,55.9,27.4,87.7,47.1,49.1,"16,841",43.2,8%,2016
